sample_id,relative_path,sha256,format_label,condition,source_group,family_id,provenance,usage,split,review_status,notes
demo-pptx-001,apps/api/seed/assets/q4-deck.pptx,A67AEC1B549586F1FF8588D518CEC60602A74D02BCBB5093A676CFF72F1541B3,PPTX,valid,dropvault-pptxgenjs,dropvault-q4-deck,Created for Dropvault demo,smoke_only,,pending,Single demo deck; seed script adds padding to a copy
demo-mp4-001,apps/api/seed/assets/flower.mp4,0CD83D944A6CA7822B4A8306CECC60A36E859B041F6702C6A1AD9EAD78924451,OUT_OF_SCOPE,valid,mdn-cc0-video,mdn-flower,MDN CC0 sample video,smoke_only,,pending,MP4 is outside first pilot labels; seed script adds padding to a copy
pilot-out_of_scope-01,docs/ml/samples/out_of_scope/pattern-1.png,BB94D00E9209265FB24B1F0779397FDCF68D5B38AF22F5ED86C39B63ECD33057,OUT_OF_SCOPE,valid,generated-pillow,pilot-out_of_scope-01,Created for Dropvault file recognition pilot,candidate,,pending,PNG
pilot-out_of_scope-02,docs/ml/samples/out_of_scope/pattern-2.jpg,44ABF27C90F4F12F5B4BA8BE20686B24A2BE0C7FC0CD0099B815D2404D8FA856,OUT_OF_SCOPE,valid,generated-pillow,pilot-out_of_scope-02,Created for Dropvault file recognition pilot,candidate,,pending,JPEG
pilot-out_of_scope-03,docs/ml/samples/out_of_scope/pattern-3.gif,FAB9D57D0A17D9EE8C1279AF1C3192F2844910CF57B80E58611A25D1DDDEDB27,OUT_OF_SCOPE,valid,generated-pillow,pilot-out_of_scope-03,Created for Dropvault file recognition pilot,candidate,,pending,GIF
pilot-out_of_scope-04,docs/ml/samples/out_of_scope/pattern-4.webp,C2E3CFA55D76787BD9178F4E0F9AB6B5CE478254B4C66932E86A77C19C603BC1,OUT_OF_SCOPE,valid,generated-pillow,pilot-out_of_scope-04,Created for Dropvault file recognition pilot,candidate,,pending,WEBP
pilot-out_of_scope-05,docs/ml/samples/out_of_scope/short-tone.wav,754A077DCCE4774DD7DEBF0481133889C2D0F714F2F73C3AC7DC46B2F8758CCE,OUT_OF_SCOPE,valid,generated-python-wave,pilot-out_of_scope-05,Created for Dropvault file recognition pilot,candidate,,pending,WAV audio
pilot-out_of_scope-06,docs/ml/samples/out_of_scope/compressed.txt.gz,D319165510A915B48C82CAC35D23617B4D9B6CBC1FD52FB23304C8BEAF0C07A1,OUT_OF_SCOPE,valid,generated-python-gzip,pilot-out_of_scope-06,Created for Dropvault file recognition pilot,candidate,,pending,GZIP archive
pilot-out_of_scope-07,docs/ml/samples/out_of_scope/bundle.tar,6C2D47596A9B51834B64BA567159DBA0A446882254BFB5B9D991D5CD70FBA500,OUT_OF_SCOPE,valid,generated-python-tarfile,pilot-out_of_scope-07,Created for Dropvault file recognition pilot,candidate,,pending,TAR archive
pilot-out_of_scope-08,docs/ml/samples/out_of_scope/compressed.txt.bz2,5F4BC452FA0F714D8DC9FA5FE3C79DFFFA85CB7C03C98793BBFDD1EE5953956C,OUT_OF_SCOPE,valid,generated-python-bz2,pilot-out_of_scope-08,Created for Dropvault file recognition pilot,candidate,,pending,BZIP2 archive
pilot-out_of_scope-09,docs/ml/samples/out_of_scope/inventory.xml,366E2703CE736B78397DF6B2BE39D70FA71F6B44236E61A2C39A7C8CB10D0C47,OUT_OF_SCOPE,valid,generated-python-text,pilot-out_of_scope-09,Created for Dropvault file recognition pilot,candidate,,pending,XML document
pilot-out_of_scope-10,docs/ml/samples/out_of_scope/badge.svg,8E76D7707522B03F28A950EE50D67831E34F123033CC0D2927B3DF645FF480F3,OUT_OF_SCOPE,valid,generated-python-text,pilot-out_of_scope-10,Created for Dropvault file recognition pilot,candidate,,pending,SVG image
pilot-out_of_scope-11,docs/ml/samples/out_of_scope/page.html,4FBEC8A0E810B7882F9D41CCB83514AF14EE28C3DC2C1A443E76B2D6FB999053,OUT_OF_SCOPE,valid,generated-python-text,pilot-out_of_scope-11,Created for Dropvault file recognition pilot,candidate,,pending,HTML document
pilot-pdf-01,docs/ml/samples/pdf/document-1.pdf,B0360603F28E2624297435BB625A599C3D0D2BB4496763618642D75747537754,PDF,valid,generated-reportlab,pilot-pdf-01,Created for Dropvault file recognition pilot,candidate,,pending,Layout variant 1
pilot-pdf-02,docs/ml/samples/pdf/document-2.pdf,F92CD4D2DF82DDAA221DF78D1AA11D103414595589DB542730EE9F11523349A4,PDF,valid,generated-reportlab,pilot-pdf-02,Created for Dropvault file recognition pilot,candidate,,pending,Layout variant 2
pilot-pdf-03,docs/ml/samples/pdf/document-3.pdf,46ABAB915B58C12582001E8AB3137D370A202355EC8F51B4DC71CF7CB7A66B56,PDF,valid,generated-reportlab,pilot-pdf-03,Created for Dropvault file recognition pilot,candidate,,pending,Layout variant 3
pilot-pdf-04,docs/ml/samples/pdf/document-4.pdf,44AFD5352F7983647817B58E1B38D8A6AA549CAFFFB2EF808A5E0CE01DD34403,PDF,valid,generated-reportlab,pilot-pdf-04,Created for Dropvault file recognition pilot,candidate,,pending,Layout variant 4
pilot-pdf-05,docs/ml/samples/pdf/document-5.pdf,536313AA0587FEF8B4DBE44C1E75BA45AD035048C95445C17000F3A261BD7957,PDF,valid,generated-reportlab,pilot-pdf-05,Created for Dropvault file recognition pilot,candidate,,pending,Layout variant 5
pilot-docx-01,docs/ml/samples/docx/document-1.docx,C56D471316B1BF2D36E6D1444F188D8D03714335ACC0446F9E23C765C813236B,DOCX,valid,generated-python-docx,pilot-docx-01,Created for Dropvault file recognition pilot,candidate,,pending,Structure variant 1
pilot-docx-02,docs/ml/samples/docx/document-2.docx,49885BEF9C0108ACB2352A1CBF424274D2500FA646E60B0D0415826FF91D4A0F,DOCX,valid,generated-python-docx,pilot-docx-02,Created for Dropvault file recognition pilot,candidate,,pending,Structure variant 2
pilot-docx-03,docs/ml/samples/docx/document-3.docx,B44C9DEC79E90F3CE8958413176B8DE16C93EDA487D7A63D252DBEF0288BBB6D,DOCX,valid,generated-python-docx,pilot-docx-03,Created for Dropvault file recognition pilot,candidate,,pending,Structure variant 3
pilot-docx-04,docs/ml/samples/docx/document-4.docx,4C4D4ABC7A4C15B2376BD9B4857C6ADC308ABE6D1685CC25F3257B3C81CDEA06,DOCX,valid,generated-python-docx,pilot-docx-04,Created for Dropvault file recognition pilot,candidate,,pending,Structure variant 4
pilot-docx-05,docs/ml/samples/docx/document-5.docx,49914C4A6C3839DB6F29C1E66DDF808C97173C073B53A4E69619320179075A2F,DOCX,valid,generated-python-docx,pilot-docx-05,Created for Dropvault file recognition pilot,candidate,,pending,Structure variant 5
pilot-pptx-01,docs/ml/samples/pptx/presentation-1.pptx,74FA529F540622CA3CAE32353D6B943F1F2B8CC724BED87DC2BEFA8C2440D25E,PPTX,valid,generated-python-pptx,pilot-pptx-01,Created for Dropvault file recognition pilot,candidate,,pending,Slide variant 1
pilot-pptx-02,docs/ml/samples/pptx/presentation-2.pptx,C0736210DC5D49771F7C7FDADACA74C2BD965DE02BE287C6E2F519B39622185C,PPTX,valid,generated-python-pptx,pilot-pptx-02,Created for Dropvault file recognition pilot,candidate,,pending,Slide variant 2
pilot-pptx-03,docs/ml/samples/pptx/presentation-3.pptx,AAE60AA015FABA2AE4D42C6EBD714AA1962ED66364ECF5395F377F538FA9F4D7,PPTX,valid,generated-python-pptx,pilot-pptx-03,Created for Dropvault file recognition pilot,candidate,,pending,Slide variant 3
pilot-pptx-04,docs/ml/samples/pptx/presentation-4.pptx,4A58C85E76B6F2FEE68AB3ADB11C5519C8578AF24158E91ADF048FEB3AEF65E2,PPTX,valid,generated-python-pptx,pilot-pptx-04,Created for Dropvault file recognition pilot,candidate,,pending,Slide variant 4
pilot-pptx-05,docs/ml/samples/pptx/presentation-5.pptx,5B94FC4B75D28CE3C8E5065E6FF952906E6CC83C3422BE9BF9999694F9AF494E,PPTX,valid,generated-python-pptx,pilot-pptx-05,Created for Dropvault file recognition pilot,candidate,,pending,Slide variant 5
pilot-xlsx-01,docs/ml/samples/xlsx/workbook-1.xlsx,6AB9DF6A5DE3DBBB91BEC54CF0E186DD2148CBD511E361849E8DAC2F3414E77A,XLSX,valid,generated-openpyxl,pilot-xlsx-01,Created for Dropvault file recognition pilot,candidate,,pending,Workbook variant 1
pilot-xlsx-02,docs/ml/samples/xlsx/workbook-2.xlsx,73055FCD0F7D1229C391EC6277FBC0F62BB33B38BE9E66D74C4698640FF96829,XLSX,valid,generated-openpyxl,pilot-xlsx-02,Created for Dropvault file recognition pilot,candidate,,pending,Workbook variant 2
pilot-xlsx-03,docs/ml/samples/xlsx/workbook-3.xlsx,B541B0ED79B3EEBE70CB8A50AC5FA6DB3B405766C9122452A0B030A3D8C911EE,XLSX,valid,generated-openpyxl,pilot-xlsx-03,Created for Dropvault file recognition pilot,candidate,,pending,Workbook variant 3
pilot-xlsx-04,docs/ml/samples/xlsx/workbook-4.xlsx,AEE21155728852CEC3BA236A1901FA3AF972DD189655065FECA2C83599729410,XLSX,valid,generated-openpyxl,pilot-xlsx-04,Created for Dropvault file recognition pilot,candidate,,pending,Workbook variant 4
pilot-xlsx-05,docs/ml/samples/xlsx/workbook-5.xlsx,0A1E41B198AA6D23F0CE75358B03393B4C2DC49FF408C229116EC0860838A17D,XLSX,valid,generated-openpyxl,pilot-xlsx-05,Created for Dropvault file recognition pilot,candidate,,pending,Workbook variant 5
pilot-json-01,docs/ml/samples/json/data-1.json,39D3B59D596D773C15F51308430A5E973E371A0D34A48058163679BCE3F2189C,JSON,valid,generated-python-json,pilot-json-01,Created for Dropvault file recognition pilot,candidate,,pending,JSON structure variant 1
pilot-json-02,docs/ml/samples/json/data-2.json,8CDD0442D01E628DF821B3718895D90FBED8B36C1787BE165379415958213126,JSON,valid,generated-python-json,pilot-json-02,Created for Dropvault file recognition pilot,candidate,,pending,JSON structure variant 2
pilot-json-03,docs/ml/samples/json/data-3.json,DBADD9392D42C317F4848DDF8F5CE1738A94E88408275087531327EC9ED8E875,JSON,valid,generated-python-json,pilot-json-03,Created for Dropvault file recognition pilot,candidate,,pending,JSON structure variant 3
pilot-json-04,docs/ml/samples/json/data-4.json,46CB3D3040B5D06F0B35AD77E4372C656842A92288E14435BC3F48A7DAA80977,JSON,valid,generated-python-json,pilot-json-04,Created for Dropvault file recognition pilot,candidate,,pending,JSON structure variant 4
pilot-json-05,docs/ml/samples/json/data-5.json,C5C027C7564F5D3B5175FB6A89FFC0405329CCA1AB11603F42D7F4152F3CCEB1,JSON,valid,generated-python-json,pilot-json-05,Created for Dropvault file recognition pilot,candidate,,pending,JSON structure variant 5
pilot-csv-01,docs/ml/samples/csv/table-1.csv,6F9BCA33535175D9A5AC2B486454AA2BD20D97FD2E3679729DD2F6981F4ABDDA,CSV,valid,generated-python-csv,pilot-csv-01,Created for Dropvault file recognition pilot,candidate,,pending,CSV row variant 1
pilot-csv-02,docs/ml/samples/csv/table-2.csv,C3EA82214258E48627C87D110A6020BAB136B59D7F60D33676CE5ADD5DE84D7C,CSV,valid,generated-python-csv,pilot-csv-02,Created for Dropvault file recognition pilot,candidate,,pending,CSV row variant 2
pilot-csv-03,docs/ml/samples/csv/table-3.csv,99A51CB23DA1C98C28186B4D39C98B1FBFF10E62C12D8C20FE6A8847A0CA4E39,CSV,valid,generated-python-csv,pilot-csv-03,Created for Dropvault file recognition pilot,candidate,,pending,CSV row variant 3
pilot-csv-04,docs/ml/samples/csv/table-4.csv,0BED650B756906F6C86AB88D737656399BE6AAC2E915FE579EFF7D525078FF05,CSV,valid,generated-python-csv,pilot-csv-04,Created for Dropvault file recognition pilot,candidate,,pending,CSV row variant 4
pilot-csv-05,docs/ml/samples/csv/table-5.csv,D76CD7C765749233C59E612269E7C641260F1AC164335532B08AC547DE378238,CSV,valid,generated-python-csv,pilot-csv-05,Created for Dropvault file recognition pilot,candidate,,pending,CSV row variant 5
pilot-txt-01,docs/ml/samples/txt/note-1.txt,3BC2AC1143A518D85B894F5D42F57A0CBA30EB8CF6FABB8B8E958C0A0EAFBB23,TXT,valid,generated-python-text,pilot-txt-01,Created for Dropvault file recognition pilot,candidate,,pending,Text variant 1
pilot-txt-02,docs/ml/samples/txt/note-2.txt,19A5065B8D975A8377FC0456EC575203F4062E82DD2ED43932FC70BEFE29241C,TXT,valid,generated-python-text,pilot-txt-02,Created for Dropvault file recognition pilot,candidate,,pending,Text variant 2
pilot-txt-03,docs/ml/samples/txt/note-3.txt,48AC2BBA42C68E40F1CB989B7D4B7398CBB8FEEC0F57328C47717C5AFD1ED405,TXT,valid,generated-python-text,pilot-txt-03,Created for Dropvault file recognition pilot,candidate,,pending,Text variant 3
pilot-txt-04,docs/ml/samples/txt/note-4.txt,0018CF1D03C6218688427AFA2288DF88CEECF08E80FF91E51EE3D99A34CD031F,TXT,valid,generated-python-text,pilot-txt-04,Created for Dropvault file recognition pilot,candidate,,pending,Text variant 4
pilot-txt-05,docs/ml/samples/txt/note-5.txt,509AC6CC4629F7CEDF4DFEF7B595E0CA09D4D16CB6DF1ED9A9A852E0768EE113,TXT,valid,generated-python-text,pilot-txt-05,Created for Dropvault file recognition pilot,candidate,,pending,Text variant 5
pilot-zip-01,docs/ml/samples/zip/archive-1.zip,8461CD1199EE018E94903041C4F0EA4B3B792C570B01203C87DC04F3163E7DD2,ZIP,valid,generated-python-zipfile,pilot-zip-01,Created for Dropvault file recognition pilot,candidate,,pending,Archive variant 1
pilot-zip-02,docs/ml/samples/zip/archive-2.zip,E292B0AA7513D1643907C7E6CC7996D3940341211D946A96AC045E3170047D8A,ZIP,valid,generated-python-zipfile,pilot-zip-02,Created for Dropvault file recognition pilot,candidate,,pending,Archive variant 2
pilot-zip-03,docs/ml/samples/zip/archive-3.zip,CBBCFC42A02CB9448772C6DC3C51098A7336F69684EA932032C087CC62DA3FCA,ZIP,valid,generated-python-zipfile,pilot-zip-03,Created for Dropvault file recognition pilot,candidate,,pending,Archive variant 3
pilot-zip-04,docs/ml/samples/zip/archive-4.zip,681518E9A810F5F359C328C3F1FD54CF5EA6B2A07A8695C9945D6640770E180F,ZIP,valid,generated-python-zipfile,pilot-zip-04,Created for Dropvault file recognition pilot,candidate,,pending,Archive variant 4
pilot-zip-05,docs/ml/samples/zip/archive-5.zip,9245DDD2886738BEE411DBE75AB610D16D54B537E70FE4AB0F9ABD6E4E4D6BFE,ZIP,valid,generated-python-zipfile,pilot-zip-05,Created for Dropvault file recognition pilot,candidate,,pending,Archive variant 5
"pilot-renamed-pdf-01","docs/ml/samples/renamed/pdf-bytes.txt","B0360603F28E2624297435BB625A599C3D0D2BB4496763618642D75747537754","PDF","valid","generated-reportlab","pilot-pdf-01","Renamed copy of a Dropvault pilot sample","smoke_only","","pending","Byte-identical renamed copy; challenge example only"
"pilot-renamed-docx-01","docs/ml/samples/renamed/docx-bytes.zip","C56D471316B1BF2D36E6D1444F188D8D03714335ACC0446F9E23C765C813236B","DOCX","valid","generated-python-docx","pilot-docx-01","Renamed copy of a Dropvault pilot sample","smoke_only","","pending","Byte-identical renamed copy; challenge example only"
"pilot-renamed-json-01","docs/ml/samples/renamed/json-bytes.txt","39D3B59D596D773C15F51308430A5E973E371A0D34A48058163679BCE3F2189C","JSON","valid","generated-python-json","pilot-json-01","Renamed copy of a Dropvault pilot sample","smoke_only","","pending","Byte-identical renamed copy; challenge example only"
