sample_id,label,extension,extension_guess,upload_result,extension_guess_matches_label
demo-pptx-001,PPTX,pptx,PPTX,ACCEPTED,yes
demo-mp4-001,OUT_OF_SCOPE,mp4,OUT_OF_SCOPE,ACCEPTED,yes
pilot-out_of_scope-01,OUT_OF_SCOPE,png,OUT_OF_SCOPE,ACCEPTED,yes
pilot-out_of_scope-02,OUT_OF_SCOPE,jpg,OUT_OF_SCOPE,ACCEPTED,yes
pilot-out_of_scope-03,OUT_OF_SCOPE,gif,OUT_OF_SCOPE,ACCEPTED,yes
pilot-out_of_scope-04,OUT_OF_SCOPE,webp,OUT_OF_SCOPE,ACCEPTED,yes
pilot-out_of_scope-05,OUT_OF_SCOPE,wav,UNKNOWN,UNSUPPORTED_FILE_TYPE,no
pilot-out_of_scope-06,OUT_OF_SCOPE,gz,OUT_OF_SCOPE,ACCEPTED,yes
pilot-out_of_scope-07,OUT_OF_SCOPE,tar,UNKNOWN,UNSUPPORTED_FILE_TYPE,no
pilot-out_of_scope-08,OUT_OF_SCOPE,bz2,UNKNOWN,UNSUPPORTED_FILE_TYPE,no
pilot-out_of_scope-09,OUT_OF_SCOPE,xml,UNKNOWN,UNSUPPORTED_FILE_TYPE,no
pilot-out_of_scope-10,OUT_OF_SCOPE,svg,UNKNOWN,UNSUPPORTED_FILE_TYPE,no
pilot-out_of_scope-11,OUT_OF_SCOPE,html,UNKNOWN,UNSUPPORTED_FILE_TYPE,no
pilot-pdf-01,PDF,pdf,PDF,ACCEPTED,yes
pilot-pdf-02,PDF,pdf,PDF,ACCEPTED,yes
pilot-pdf-03,PDF,pdf,PDF,ACCEPTED,yes
pilot-pdf-04,PDF,pdf,PDF,ACCEPTED,yes
pilot-pdf-05,PDF,pdf,PDF,ACCEPTED,yes
pilot-docx-01,DOCX,docx,DOCX,ACCEPTED,yes
pilot-docx-02,DOCX,docx,DOCX,ACCEPTED,yes
pilot-docx-03,DOCX,docx,DOCX,ACCEPTED,yes
pilot-docx-04,DOCX,docx,DOCX,ACCEPTED,yes
pilot-docx-05,DOCX,docx,DOCX,ACCEPTED,yes
pilot-pptx-01,PPTX,pptx,PPTX,ACCEPTED,yes
pilot-pptx-02,PPTX,pptx,PPTX,ACCEPTED,yes
pilot-pptx-03,PPTX,pptx,PPTX,ACCEPTED,yes
pilot-pptx-04,PPTX,pptx,PPTX,ACCEPTED,yes
pilot-pptx-05,PPTX,pptx,PPTX,ACCEPTED,yes
pilot-xlsx-01,XLSX,xlsx,XLSX,ACCEPTED,yes
pilot-xlsx-02,XLSX,xlsx,XLSX,ACCEPTED,yes
pilot-xlsx-03,XLSX,xlsx,XLSX,ACCEPTED,yes
pilot-xlsx-04,XLSX,xlsx,XLSX,ACCEPTED,yes
pilot-xlsx-05,XLSX,xlsx,XLSX,ACCEPTED,yes
pilot-json-01,JSON,json,JSON,ACCEPTED,yes
pilot-json-02,JSON,json,JSON,ACCEPTED,yes
pilot-json-03,JSON,json,JSON,ACCEPTED,yes
pilot-json-04,JSON,json,JSON,ACCEPTED,yes
pilot-json-05,JSON,json,JSON,ACCEPTED,yes
pilot-csv-01,CSV,csv,CSV,ACCEPTED,yes
pilot-csv-02,CSV,csv,CSV,ACCEPTED,yes
pilot-csv-03,CSV,csv,CSV,ACCEPTED,yes
pilot-csv-04,CSV,csv,CSV,ACCEPTED,yes
pilot-csv-05,CSV,csv,CSV,ACCEPTED,yes
pilot-txt-01,TXT,txt,TXT,ACCEPTED,yes
pilot-txt-02,TXT,txt,TXT,ACCEPTED,yes
pilot-txt-03,TXT,txt,TXT,ACCEPTED,yes
pilot-txt-04,TXT,txt,TXT,ACCEPTED,yes
pilot-txt-05,TXT,txt,TXT,ACCEPTED,yes
pilot-zip-01,ZIP,zip,ZIP,ACCEPTED,yes
pilot-zip-02,ZIP,zip,ZIP,ACCEPTED,yes
pilot-zip-03,ZIP,zip,ZIP,ACCEPTED,yes
pilot-zip-04,ZIP,zip,ZIP,ACCEPTED,yes
pilot-zip-05,ZIP,zip,ZIP,ACCEPTED,yes
pilot-renamed-pdf-01,PDF,txt,TXT,ACCEPTED,no
pilot-renamed-docx-01,DOCX,zip,ZIP,ACCEPTED,no
pilot-renamed-json-01,JSON,txt,TXT,ACCEPTED,no
